Section,Category,Item Name,Description,Price,Image Source,Image Type,Image Filename,Source URL
Food,Middle Eastern Starters,Fatoush Salad,"Lebanese style salad with chicken, vegetables, seasonal fruits tossed in special pomi sauce & topped with fata cheese",Rs. 999,https://images.deliveryhero.io/image/fd-pk/Products/98944152.jpg,"foodpanda generic reference image (watermarked ""For reference only"")",03-Food-Images/fatoush-salad.jpg,https://www.foodpanda.pk/restaurant/i9ta/eddys-cafe
Food,Middle Eastern Starters,Hummus with Chicken,"Pan-fried grilled chicken, served with hummus, pita bread & olive oil","Rs. 1,299",https://images.deliveryhero.io/image/fd-pk/Products/98944153.jpg,"foodpanda generic reference image (watermarked ""For reference only"")",03-Food-Images/hummus-with-chicken.jpg,https://www.foodpanda.pk/restaurant/i9ta/eddys-cafe
Food,Middle Eastern Starters,Hummus with Lamb,"Pan-fried grilled lamb, served with hummus, pita bread & olive oil","Rs. 1,499",https://images.deliveryhero.io/image/fd-pk/Products/98944154.jpg,"foodpanda generic reference image (watermarked ""For reference only"")",03-Food-Images/hummus-with-lamb.jpg,https://www.foodpanda.pk/restaurant/i9ta/eddys-cafe
Food,Middle Eastern Starters,Jooje Pockets,"Crispy chicken sharwama with pickles, vegetables wrapped in Arabic style, served with jalapeno sauce & slaw","Rs. 1,199",https://images.deliveryhero.io/image/fd-pk/Products/98944155.jpg,"foodpanda generic reference image (watermarked ""For reference only"")",03-Food-Images/jooje-pockets.jpg,https://www.foodpanda.pk/restaurant/i9ta/eddys-cafe
Food,Middle Eastern Starters,Lamb Pockets,Spiced lamb shawarma in Arabic style cut into warm flavourful pickle pockets & served with homemade chef sauce,"Rs. 1,499",https://images.deliveryhero.io/image/fd-pk/Products/98944156.jpg,"foodpanda generic reference image (watermarked ""For reference only"")",03-Food-Images/lamb-pockets.jpg,https://www.foodpanda.pk/restaurant/i9ta/eddys-cafe
Food,Soups,Hot & Sour Soup,"Tangy, medium spicy chicken broth with crunchy veggies & egg ribbons",Rs. 549,https://images.deliveryhero.io/image/fd-pk/Products/98944079.jpg,"foodpanda generic reference image (watermarked ""For reference only"")",03-Food-Images/hot-and-sour-soup.jpg,https://www.foodpanda.pk/restaurant/i9ta/eddys-cafe
Food,Soups,Thai Chicken Soup,"Clear chicken broth with chunky chicken cubes, boiled rice, & aromatic Thai herbs",Rs. 549,https://images.deliveryhero.io/image/fd-pk/Products/98944080.jpg,"foodpanda generic reference image (watermarked ""For reference only"")",03-Food-Images/thai-chicken-soup.jpg,https://www.foodpanda.pk/restaurant/i9ta/eddys-cafe
Food,Soups,Eddy's Special Soup,House specialty prepared fresh daily,Rs. 699,https://images.deliveryhero.io/image/fd-pk/Products/98944081.jpg,"foodpanda generic reference image (watermarked ""For reference only"")",03-Food-Images/eddys-special-soup.jpg,https://www.foodpanda.pk/restaurant/i9ta/eddys-cafe
Food,Soups,Roasted Tomato Soup,Creamy roasted tomato soup with basil & garlic,Rs. 549,https://images.deliveryhero.io/image/fd-pk/Products/98944082.jpg,"foodpanda generic reference image (watermarked ""For reference only"")",03-Food-Images/roasted-tomato-soup.jpg,https://www.foodpanda.pk/restaurant/i9ta/eddys-cafe
Food,Soups,Seafood Chowder Soup,"Cream based soup with prawns, fish & herbs",Rs. 649,https://images.deliveryhero.io/image/fd-pk/Products/98944083.jpg,"foodpanda generic reference image (watermarked ""For reference only"")",03-Food-Images/seafood-chowder-soup.jpg,https://www.foodpanda.pk/restaurant/i9ta/eddys-cafe
Food,Soups,Soup of The Day,Chef's seasonal selection,Rs. 549,https://images.deliveryhero.io/image/fd-pk/Products/98944084.jpg,"foodpanda generic reference image (watermarked ""For reference only"")",03-Food-Images/soup-of-the-day.jpg,https://www.foodpanda.pk/restaurant/i9ta/eddys-cafe
Food,Sandwiches,Special Club Sandwich,"Triple layer grilled chicken sandwich with cheese, egg, pickles, Turkey slice served with fries & sauces","Rs. 1,699",https://images.deliveryhero.io/image/fd-pk/Products/98944090.jpg,"foodpanda generic reference image (watermarked ""For reference only"")",03-Food-Images/special-club-sandwich.jpg,https://www.foodpanda.pk/restaurant/i9ta/eddys-cafe
Food,Sandwiches,Croissant Chicken Grilled Sandwich,"Buttery croissant filled with grilled chicken, cheese served with fries & herb mayo","Rs. 1,799",https://images.deliveryhero.io/image/fd-pk/Products/98944091.jpg,"foodpanda generic reference image (watermarked ""For reference only"")",03-Food-Images/croissant-chicken-grilled-sandwich.jpg,https://www.foodpanda.pk/restaurant/i9ta/eddys-cafe
Food,Sandwiches,Croissant Egg & Shroom Sandwich,"Buttery croissant filled with egg, melted cheese, caramelized onions served with fries & herb mayo","Rs. 1,499",https://images.deliveryhero.io/image/fd-pk/Products/98944092.jpg,"foodpanda generic reference image (watermarked ""For reference only"")",03-Food-Images/croissant-egg-and-shroom-sandwich.jpg,https://www.foodpanda.pk/restaurant/i9ta/eddys-cafe
Food,Sandwiches,Open Face Mediterranean Sandwich,"Artisan bread topped with hummus, grilled vegetables & feta",Rs. 999,https://images.deliveryhero.io/image/fd-pk/Products/98944093.jpg,"foodpanda generic reference image (watermarked ""For reference only"")",03-Food-Images/open-face-mediterranean-sandwich.jpg,https://www.foodpanda.pk/restaurant/i9ta/eddys-cafe
Food,Sandwiches,Roasted Beef Sandwich,"Roasted beef with green onions, house sauce mint mayo & served with baked potatoes","Rs. 1,799",https://images.deliveryhero.io/image/fd-pk/Products/98944094.jpg,"foodpanda generic reference image (watermarked ""For reference only"")",03-Food-Images/roasted-beef-sandwich.jpg,https://www.foodpanda.pk/restaurant/i9ta/eddys-cafe
Food,Sandwiches,Eddy's Katsu Club Sandwich,"Crispy chicken katsu with slaw, Japanese mayo, served with fries & herb mayo","Rs. 1,899","Google Maps photo (restaurant promo poster, Menu/gallery tab of the place page)",Restaurant's own photo/poster,03-Food-Images/eddys-katsu-club-sandwich.jpg,"https://www.foodpanda.pk/restaurant/i9ta/eddys-cafe ; https://www.google.com/maps/place/eddy%27s+Caf%C3%A9/@31.4502019,73.1534366,17z/data=!4m6!3m5!1s0x392269657a686f0d:0x30aa98475c166fe0!8m2!3d31.4502019!4d73.1534366!16s%2Fg%2F11yq8pdwqf"
Food,Burgers,Beef Smash Burger,"Smashed beef patty with melted cheese, served with fries & sirarcha mayo","Rs. 1,549",https://images.deliveryhero.io/image/fd-pk/Products/98944096.jpg,"foodpanda generic reference image (watermarked ""For reference only"")",03-Food-Images/beef-smash-burger.jpg,https://www.foodpanda.pk/restaurant/i9ta/eddys-cafe
Food,Burgers,Chicken Butter Milk Burger,"Crispy buttermilk fried chicken with slaw, spicy mayo & served with fries","Rs. 1,399",https://images.deliveryhero.io/image/fd-pk/Products/98944097.jpg,"foodpanda generic reference image (watermarked ""For reference only"")",03-Food-Images/chicken-butter-milk-burger.jpg,https://www.foodpanda.pk/restaurant/i9ta/eddys-cafe
Food,Burgers,Sichuan Burger,"Spicy chicken fried fillet with Sichuan style sauce, served with fries & sichuan mayo","Rs. 1,399",https://images.deliveryhero.io/image/fd-pk/Products/98944098.jpg,"foodpanda generic reference image (watermarked ""For reference only"")",03-Food-Images/sichuan-burger.jpg,https://www.foodpanda.pk/restaurant/i9ta/eddys-cafe
Food,Burgers,Beef Cheese Burger,"Beef patty with cheddar cheese, lettuce, crispy onion, tomato served with fries, herb & sriracha mayo","Rs. 1,449",https://images.deliveryhero.io/image/fd-pk/Products/98944099.jpg,"foodpanda generic reference image (watermarked ""For reference only"")",03-Food-Images/beef-cheese-burger.jpg,https://www.foodpanda.pk/restaurant/i9ta/eddys-cafe
Food,Burgers,Grilled Chicken Burger,"Char-grilled chicken breast with fresh greens, served with fries & herb mayo","Rs. 1,299",https://images.deliveryhero.io/image/fd-pk/Products/98944100.jpg,"foodpanda generic reference image (watermarked ""For reference only"")",03-Food-Images/grilled-chicken-burger.jpg,https://www.foodpanda.pk/restaurant/i9ta/eddys-cafe
Food,Steak House,Chicken Spicy Moroccan Steak,"North African spice marinated grilled steak, served with baked potatoes & assorted vegetables","Rs. 1,999","Google Maps photo (restaurant promo poster, Menu/gallery tab of the place page)",Restaurant's own photo/poster,03-Food-Images/chicken-spicy-moroccan-steak.jpg,"https://www.foodpanda.pk/restaurant/i9ta/eddys-cafe ; https://www.google.com/maps/place/eddy%27s+Caf%C3%A9/@31.4502019,73.1534366,17z/data=!4m6!3m5!1s0x392269657a686f0d:0x30aa98475c166fe0!8m2!3d31.4502019!4d73.1534366!16s%2Fg%2F11yq8pdwqf"
Food,Steak House,Beef Spicy Moroccan Steak,"North African spice marinated grilled steak, served with baked potatoes & assorted vegetables","Rs. 2,949",https://images.deliveryhero.io/image/fd-pk/Products/98944107.jpg,"foodpanda generic reference image (watermarked ""For reference only"")",03-Food-Images/beef-spicy-moroccan-steak.jpg,https://www.foodpanda.pk/restaurant/i9ta/eddys-cafe
Food,Steak House,Chicken Jalapaeno Steak,"Grilled steak topped with creamy jalapeno sauce, served with baked potatoes & assorted vegetables","Rs. 1,999",https://images.deliveryhero.io/image/fd-pk/Products/98944108.jpg,"foodpanda generic reference image (watermarked ""For reference only"")",03-Food-Images/chicken-jalapaeno-steak.jpg,https://www.foodpanda.pk/restaurant/i9ta/eddys-cafe
Food,Steak House,Beef Jalapaeno Steak,"Grilled steak topped with creamy jalapeno sauce, served with baked potatoes & assorted vegetables","Rs. 2,949",https://images.deliveryhero.io/image/fd-pk/Products/98944109.jpg,"foodpanda generic reference image (watermarked ""For reference only"")",03-Food-Images/beef-jalapaeno-steak.jpg,https://www.foodpanda.pk/restaurant/i9ta/eddys-cafe
Food,Steak House,Chicken Mexican Steak,"Chili rubbed steak with bold flavors, served with baked potatoes & assorted vegetables","Rs. 1,999",https://images.deliveryhero.io/image/fd-pk/Products/98944110.jpg,"foodpanda generic reference image (watermarked ""For reference only"")",03-Food-Images/chicken-mexican-steak.jpg,https://www.foodpanda.pk/restaurant/i9ta/eddys-cafe
Food,Steak House,Beef Mexican Steak,"Chili rubbed steak with bold flavors, served with baked potatoes & assorted vegetables","Rs. 2,949",https://images.deliveryhero.io/image/fd-pk/Products/98944111.jpg,"foodpanda generic reference image (watermarked ""For reference only"")",03-Food-Images/beef-mexican-steak.jpg,https://www.foodpanda.pk/restaurant/i9ta/eddys-cafe
Food,Steak House,Chicken Americano Steak,"Classic grilled steak finished with butter, served with baked potatoes & assorted vegetables","Rs. 1,999",https://images.deliveryhero.io/image/fd-pk/Products/98944112.jpg,"foodpanda generic reference image (watermarked ""For reference only"")",03-Food-Images/chicken-americano-steak.jpg,https://www.foodpanda.pk/restaurant/i9ta/eddys-cafe
Food,Steak House,Beef Americano Steak,"Classic grilled steak finished with butter, served with baked potatoes & assorted vegetables","Rs. 2,949",https://images.deliveryhero.io/image/fd-pk/Products/98944113.jpg,"foodpanda generic reference image (watermarked ""For reference only"")",03-Food-Images/beef-americano-steak.jpg,https://www.foodpanda.pk/restaurant/i9ta/eddys-cafe
Food,Steak House,Chicken Black Pepper Cheese Steak,"Pepper crusted steak with cheese sauce, served with baked potatoes & assorted vegetables","Rs. 1,999",https://images.deliveryhero.io/image/fd-pk/Products/98944114.jpg,"foodpanda generic reference image (watermarked ""For reference only"")",03-Food-Images/chicken-black-pepper-cheese-steak.jpg,https://www.foodpanda.pk/restaurant/i9ta/eddys-cafe
Food,Steak House,Beef Black Pepper Cheese Steak,"Pepper crusted steak with cheese sauce, served with baked potatoes & assorted vegetables","Rs. 2,949",https://images.deliveryhero.io/image/fd-pk/Products/98944115.jpg,"foodpanda generic reference image (watermarked ""For reference only"")",03-Food-Images/beef-black-pepper-cheese-steak.jpg,https://www.foodpanda.pk/restaurant/i9ta/eddys-cafe
Food,Steak House,Chicken Italian Mushroom Steak,"Grilled steak with creamy mushroom sauce, served with baked potatoes & assorted vegetables","Rs. 1,999",https://images.deliveryhero.io/image/fd-pk/Products/98944116.jpg,"foodpanda generic reference image (watermarked ""For reference only"")",03-Food-Images/chicken-italian-mushroom-steak.jpg,https://www.foodpanda.pk/restaurant/i9ta/eddys-cafe
Food,Steak House,Beef Italian Mushroom Steak,"Grilled steak with creamy mushroom sauce, served with baked potatoes & assorted vegetables","Rs. 2,949",https://images.deliveryhero.io/image/fd-pk/Products/98944117.jpg,"foodpanda generic reference image (watermarked ""For reference only"")",03-Food-Images/beef-italian-mushroom-steak.jpg,https://www.foodpanda.pk/restaurant/i9ta/eddys-cafe
Food,Pizza,Margherita Pizza,"Tomato sauce, mozzarella & fresh basil","Rs. 1,699",https://images.deliveryhero.io/image/fd-pk/Products/98944121.jpg,"foodpanda generic reference image (watermarked ""For reference only"")",03-Food-Images/margherita-pizza.jpg,https://www.foodpanda.pk/restaurant/i9ta/eddys-cafe
Food,Pizza,Short Ribs Pizza,Slow braised beef ribs with rich sauce,"Rs. 2,199",https://images.deliveryhero.io/image/fd-pk/Products/98944122.jpg,"foodpanda generic reference image (watermarked ""For reference only"")",03-Food-Images/short-ribs-pizza.jpg,https://www.foodpanda.pk/restaurant/i9ta/eddys-cafe
Food,Pizza,Firenze Nova Pizza,Italian style meats & herbs,"Rs. 1,799",https://images.deliveryhero.io/image/fd-pk/Products/98944123.jpg,"foodpanda generic reference image (watermarked ""For reference only"")",03-Food-Images/firenze-nova-pizza.jpg,https://www.foodpanda.pk/restaurant/i9ta/eddys-cafe
Food,Pizza,Chicken Chilli Cheese Pizza,Spicy chicken with melted cheese,"Rs. 1,699","Google Maps photo (restaurant promo poster, Menu/gallery tab of the place page)",Restaurant's own photo/poster,03-Food-Images/chicken-chilli-cheese-pizza.jpg,"https://www.foodpanda.pk/restaurant/i9ta/eddys-cafe ; https://www.google.com/maps/place/eddy%27s+Caf%C3%A9/@31.4502019,73.1534366,17z/data=!4m6!3m5!1s0x392269657a686f0d:0x30aa98475c166fe0!8m2!3d31.4502019!4d73.1534366!16s%2Fg%2F11yq8pdwqf"
Food,Pizza,Porcini Pizza,"Wild mushrooms, cream sauce & mozzarella","Rs. 1,899",https://images.deliveryhero.io/image/fd-pk/Products/98944125.jpg,"foodpanda generic reference image (watermarked ""For reference only"")",03-Food-Images/porcini-pizza.jpg,https://www.foodpanda.pk/restaurant/i9ta/eddys-cafe
Food,Pizza,Chicken Pepperoni Pizza,Chicken pepperoni & mozzarella,"Rs. 1,799",https://images.deliveryhero.io/image/fd-pk/Products/98944126.jpg,"foodpanda generic reference image (watermarked ""For reference only"")",03-Food-Images/chicken-pepperoni-pizza.jpg,https://www.foodpanda.pk/restaurant/i9ta/eddys-cafe
Food,Pizza,Beef Pepperoni Pizza,Beef pepperoni & mozzarella,"Rs. 1,999",https://images.deliveryhero.io/image/fd-pk/Products/98944127.jpg,"foodpanda generic reference image (watermarked ""For reference only"")",03-Food-Images/beef-pepperoni-pizza.jpg,https://www.foodpanda.pk/restaurant/i9ta/eddys-cafe
Food,Pizza,Pinza Pizza,Roman style light & airy crust pizza,Rs. 999,https://images.deliveryhero.io/image/fd-pk/Products/98944128.jpg,"foodpanda generic reference image (watermarked ""For reference only"")",03-Food-Images/pinza-pizza.jpg,https://www.foodpanda.pk/restaurant/i9ta/eddys-cafe
Food,Bao Station,Hot Chicken Bao,Spicy fried chicken in steamed bao bun & served with chef special chilli sauce,Rs. 899,https://images.deliveryhero.io/image/fd-pk/Products/98944118.jpg,"foodpanda generic reference image (watermarked ""For reference only"")",03-Food-Images/hot-chicken-bao.jpg,https://www.foodpanda.pk/restaurant/i9ta/eddys-cafe
Food,Bao Station,Smash X Bao,Mini smashed beef patty with Asian glaze & served with chef special chilli sauce,Rs. 949,https://images.deliveryhero.io/image/fd-pk/Products/98944119.jpg,"foodpanda generic reference image (watermarked ""For reference only"")",03-Food-Images/smash-x-bao.jpg,https://www.foodpanda.pk/restaurant/i9ta/eddys-cafe
Food,Bao Station,Katsu Chicken Bao,Crispy chicken katsu with slaw & served with chef special chilli sauce,Rs. 899,https://images.deliveryhero.io/image/fd-pk/Products/98944120.jpg,"foodpanda generic reference image (watermarked ""For reference only"")",03-Food-Images/katsu-chicken-bao.jpg,https://www.foodpanda.pk/restaurant/i9ta/eddys-cafe
Food,Gourmet Selection,Chicken Ala Kiev,"Breaded chicken stuffed with garlic herb butter, spinach served with cream, spinach & mashed potatoes","Rs. 1,949",https://images.deliveryhero.io/image/fd-pk/Products/98944129.jpg,"foodpanda generic reference image (watermarked ""For reference only"")",03-Food-Images/chicken-ala-kiev.jpg,https://www.foodpanda.pk/restaurant/i9ta/eddys-cafe
Food,Gourmet Selection,Chicken Schnitzel,Crispy fried chicken breast served with fries & special chimichuri sauce,"Rs. 1,749",https://images.deliveryhero.io/image/fd-pk/Products/98944130.jpg,"foodpanda generic reference image (watermarked ""For reference only"")",03-Food-Images/chicken-schnitzel.jpg,https://www.foodpanda.pk/restaurant/i9ta/eddys-cafe
Food,Gourmet Selection,Teriyaki Bowl,Tiryaki glazed chicken served with risoto rice & pickle vegetables,"Rs. 1,749",https://images.deliveryhero.io/image/fd-pk/Products/98944131.jpg,"foodpanda generic reference image (watermarked ""For reference only"")",03-Food-Images/teriyaki-bowl.jpg,https://www.foodpanda.pk/restaurant/i9ta/eddys-cafe
Food,Gourmet Selection,Grilled Chicken with Hummus,Charcoaled grilled chicken served with butter rice & hummus,"Rs. 1,749",https://images.deliveryhero.io/image/fd-pk/Products/98944132.jpg,"foodpanda generic reference image (watermarked ""For reference only"")",03-Food-Images/grilled-chicken-with-hummus.jpg,https://www.foodpanda.pk/restaurant/i9ta/eddys-cafe
Food,Gourmet Selection,Chicken with Lemon Caper Sauce,"Pan fried chicken served with mashed potatoes, sauteed vegetables & lemon capper sauce","Rs. 1,749",https://images.deliveryhero.io/image/fd-pk/Products/98944133.jpg,"foodpanda generic reference image (watermarked ""For reference only"")",03-Food-Images/chicken-with-lemon-caper-sauce.jpg,https://www.foodpanda.pk/restaurant/i9ta/eddys-cafe
Food,Gourmet Selection,Mediterranean Grilled Fish,"Grilled fish topped on bed of egg fried rice, salsa sauce covered with baked pie dough & served with homemade chef sauce","Rs. 2,349",https://images.deliveryhero.io/image/fd-pk/Products/98944134.jpg,"foodpanda generic reference image (watermarked ""For reference only"")",03-Food-Images/mediterranean-grilled-fish.jpg,https://www.foodpanda.pk/restaurant/i9ta/eddys-cafe
Food,Gourmet Selection,Baked Chicken Pot,Rich creamy chicken mixed with mushrooms & corns cover with pie dough,"Rs. 1,549",https://images.deliveryhero.io/image/fd-pk/Products/98944135.jpg,"foodpanda generic reference image (watermarked ""For reference only"")",03-Food-Images/baked-chicken-pot.jpg,https://www.foodpanda.pk/restaurant/i9ta/eddys-cafe
Food,Gourmet Selection,Nashville Chicken,Southern style spicy fried chicken cover with special Nashville sauce & served with fries,"Rs. 1,649",https://images.deliveryhero.io/image/fd-pk/Products/98944136.jpg,"foodpanda generic reference image (watermarked ""For reference only"")",03-Food-Images/nashville-chicken.jpg,https://www.foodpanda.pk/restaurant/i9ta/eddys-cafe
Food,Gourmet Selection,Parmesan Crusted Chicken,"Chicken breast crusted with cheese, spaghetti served with assorted vegetables & garlic bread","Rs. 1,649",https://images.deliveryhero.io/image/fd-pk/Products/98944137.jpg,"foodpanda generic reference image (watermarked ""For reference only"")",03-Food-Images/parmesan-crusted-chicken.jpg,https://www.foodpanda.pk/restaurant/i9ta/eddys-cafe
Food,Gourmet Selection,Jalapeno Orange Chicken,"Grilled chicken covered with sweet orange jalapeno sauce, served with buttery rice & vegetables","Rs. 1,649",https://images.deliveryhero.io/image/fd-pk/Products/98944138.jpg,"foodpanda generic reference image (watermarked ""For reference only"")",03-Food-Images/jalapeno-orange-chicken.jpg,https://www.foodpanda.pk/restaurant/i9ta/eddys-cafe
Food,Gourmet Selection,Grilled Chicken with Sundried Tomato,"Grilled chicken covered with creamy sundried mashroom sauce, served with buttery rice & vegetables","Rs. 1,849",https://images.deliveryhero.io/image/fd-pk/Products/98944139.jpg,"foodpanda generic reference image (watermarked ""For reference only"")",03-Food-Images/grilled-chicken-with-sundried-tomato.jpg,https://www.foodpanda.pk/restaurant/i9ta/eddys-cafe
Food,Gourmet Selection,Fish & Chips,Crumbed deep fried fillet fish served with fries & tartar sauce,"Rs. 2,249",https://images.deliveryhero.io/image/fd-pk/Products/98944140.jpg,"foodpanda generic reference image (watermarked ""For reference only"")",03-Food-Images/fish-and-chips.jpg,https://www.foodpanda.pk/restaurant/i9ta/eddys-cafe
Food,Tropical and Asian Mains,Red Curry with Garlic Rice,Sliced chicken cooked in red curry sauce & served with garlic rice,"Rs. 1,899",https://images.deliveryhero.io/image/fd-pk/Products/98944141.jpg,"foodpanda generic reference image (watermarked ""For reference only"")",03-Food-Images/red-curry-with-garlic-rice.jpg,https://www.foodpanda.pk/restaurant/i9ta/eddys-cafe
Food,Tropical and Asian Mains,Prawn Curry with Masala Rice,Grilled prawns cooked in coconut milk sauce & served with masala rice,"Rs. 2,499",https://images.deliveryhero.io/image/fd-pk/Products/98944142.jpg,"foodpanda generic reference image (watermarked ""For reference only"")",03-Food-Images/prawn-curry-with-masala-rice.jpg,https://www.foodpanda.pk/restaurant/i9ta/eddys-cafe
Food,Tropical and Asian Mains,Chicken Cashew Nut,Sliced chicken cooked with vegetables in special cashew nut thai sauce & served egg fried rice,"Rs. 1,999","Google Maps photo (restaurant promo poster, Menu/gallery tab of the place page)",Restaurant's own photo/poster,03-Food-Images/chicken-cashew-nut.jpg,"https://www.foodpanda.pk/restaurant/i9ta/eddys-cafe ; https://www.google.com/maps/place/eddy%27s+Caf%C3%A9/@31.4502019,73.1534366,17z/data=!4m6!3m5!1s0x392269657a686f0d:0x30aa98475c166fe0!8m2!3d31.4502019!4d73.1534366!16s%2Fg%2F11yq8pdwqf"
Food,Tropical and Asian Mains,Stogonuf Chicken with Garlic Rice,Sliced chicken cooked in creamy brown sauce & served with garlic rice,"Rs. 1,999",https://images.deliveryhero.io/image/fd-pk/Products/98944144.jpg,"foodpanda generic reference image (watermarked ""For reference only"")",03-Food-Images/stogonuf-chicken-with-garlic-rice.jpg,https://www.foodpanda.pk/restaurant/i9ta/eddys-cafe
Food,Tropical and Asian Mains,Dragon Chicken with Egg Fried Rice,Cube chicken cooked in red hot sauce with vegetables & served with egg fried rice,"Rs. 1,999",https://images.deliveryhero.io/image/fd-pk/Products/98944145.jpg,"foodpanda generic reference image (watermarked ""For reference only"")",03-Food-Images/dragon-chicken-with-egg-fried-rice.jpg,https://www.foodpanda.pk/restaurant/i9ta/eddys-cafe
Food,Tropical and Asian Mains,Oyster Chicken with Garlic Rice,Sliced chicken cooked with oyster vegetables sauce & served with garlic rice,"Rs. 1,799",https://images.deliveryhero.io/image/fd-pk/Products/98944146.jpg,"foodpanda generic reference image (watermarked ""For reference only"")",03-Food-Images/oyster-chicken-with-garlic-rice.jpg,https://www.foodpanda.pk/restaurant/i9ta/eddys-cafe
Food,Tropical and Asian Mains,Seven Leaves with Garlic Rice,"Sliced chicken, vegetables cooked in special Chinese sauce & served with garlic rice","Rs. 1,799",https://images.deliveryhero.io/image/fd-pk/Products/98944147.jpg,"foodpanda generic reference image (watermarked ""For reference only"")",03-Food-Images/seven-leaves-with-garlic-rice.jpg,https://www.foodpanda.pk/restaurant/i9ta/eddys-cafe
Food,Tropical and Asian Mains,Chicken Chilli Dry,"Stirred fired chicken cooked with spicy chillies, mashrooms & served with butter rice","Rs. 1,799",https://images.deliveryhero.io/image/fd-pk/Products/98944148.jpg,"foodpanda generic reference image (watermarked ""For reference only"")",03-Food-Images/chicken-chilli-dry.jpg,https://www.foodpanda.pk/restaurant/i9ta/eddys-cafe
Food,Tropical and Asian Mains,Beef Chilli Dry,"Stirred fired beef cooked with spicy chillies, mashrooms & served with butter rice","Rs. 2,399",https://images.deliveryhero.io/image/fd-pk/Products/98944149.jpg,"foodpanda generic reference image (watermarked ""For reference only"")",03-Food-Images/beef-chilli-dry.jpg,https://www.foodpanda.pk/restaurant/i9ta/eddys-cafe
Food,Tropical and Asian Mains,Fish Curry Almond with Masala Rice,Cubed fish cooked in coconut milk sauce & served with masala rice garnished with almonds,"Rs. 1,999",https://images.deliveryhero.io/image/fd-pk/Products/98944150.jpg,"foodpanda generic reference image (watermarked ""For reference only"")",03-Food-Images/fish-curry-almond-with-masala-rice.jpg,https://www.foodpanda.pk/restaurant/i9ta/eddys-cafe
Food,Tropical and Asian Mains,Kong Pao Chicken with Egg Fried Rice,"Cube chicken cooked with dried red chili peppers, garlic, ginger, green onions in red sauce & served with egg fried rice","Rs. 1,799",https://images.deliveryhero.io/image/fd-pk/Products/98944151.jpg,"foodpanda generic reference image (watermarked ""For reference only"")",03-Food-Images/kong-pao-chicken-with-egg-fried-rice.jpg,https://www.foodpanda.pk/restaurant/i9ta/eddys-cafe
Food,Middle Eastern Main,Kamil Jooje,"Lebanese style grilled chicken platter with herbed rice, hummus, pita bread, sauces, fattoush salad, perfect for 3 & 4 guests","Rs. 3,499",https://images.deliveryhero.io/image/fd-pk/Products/98944157.jpg,"foodpanda generic reference image (watermarked ""For reference only"")",03-Food-Images/kamil-jooje.jpg,https://www.foodpanda.pk/restaurant/i9ta/eddys-cafe
Food,Middle Eastern Main,Shish Tauk Turkish,"Juicy turkish style chicken cubes marinated in garlic, yogurt, spices, charcoal grilled, served with rice, pita bread & sauces","Rs. 2,299",https://images.deliveryhero.io/image/fd-pk/Products/98944158.jpg,"foodpanda generic reference image (watermarked ""For reference only"")",03-Food-Images/shish-tauk-turkish.jpg,https://www.foodpanda.pk/restaurant/i9ta/eddys-cafe
Food,Middle Eastern Main,Persian Style Lamb Chops,"8 Tender chefs special lamb chops, persian marinated, elegantly finished with edible 24 karat gold leaf, salad & sauce","Rs. 4,599","Google Maps photo (restaurant promo poster, Menu/gallery tab of the place page)",Restaurant's own photo/poster,03-Food-Images/persian-style-lamb-chops.jpg,"https://www.foodpanda.pk/restaurant/i9ta/eddys-cafe ; https://www.google.com/maps/place/eddy%27s+Caf%C3%A9/@31.4502019,73.1534366,17z/data=!4m6!3m5!1s0x392269657a686f0d:0x30aa98475c166fe0!8m2!3d31.4502019!4d73.1534366!16s%2Fg%2F11yq8pdwqf"
Food,Middle Eastern Main,Turkish Lamb Cheese Kebab,Serving for 2 persons. Charcoal grilled lamb kebab stuffed with melted cheese & served chefs special sauces,"Rs. 2,799",https://images.deliveryhero.io/image/fd-pk/Products/98944160.jpg,"foodpanda generic reference image (watermarked ""For reference only"")",03-Food-Images/turkish-lamb-cheese-kebab.jpg,https://www.foodpanda.pk/restaurant/i9ta/eddys-cafe
Food,Middle Eastern Main,Jooje Khaas Kebab,"Chefs special marinated chicken kebab, grilled to perfection, served with aromatic rice, salad & signature sauces","Rs. 1,999",https://images.deliveryhero.io/image/fd-pk/Products/98944161.jpg,"foodpanda generic reference image (watermarked ""For reference only"")",03-Food-Images/jooje-khaas-kebab.jpg,https://www.foodpanda.pk/restaurant/i9ta/eddys-cafe
Food,Middle Eastern Main,Khafif Jooje,"Lightly marinated Lebanese style boneless grilled chicken pieces, served with aromatic rice, salad, pita bread & chefs special sauces","Rs. 2,199",https://images.deliveryhero.io/image/fd-pk/Products/98944162.jpg,"foodpanda generic reference image (watermarked ""For reference only"")",03-Food-Images/khafif-jooje.jpg,https://www.foodpanda.pk/restaurant/i9ta/eddys-cafe
Food,Middle Eastern Main,Adana Kebab,"Spiced minced lamb kebab grilled over charcoal, served with rice & traditional Middle Eastern accompaniments","Rs. 2,699",https://images.deliveryhero.io/image/fd-pk/Products/98944163.jpg,"foodpanda generic reference image (watermarked ""For reference only"")",03-Food-Images/adana-kebab.jpg,https://www.foodpanda.pk/restaurant/i9ta/eddys-cafe
Food,Middle Eastern Main,Summuc Jooje,"Grilled chicken pieces infused with sumac, Middle Eastern spices, served with rice, salad, pita bread & sauces","Rs. 2,199",https://images.deliveryhero.io/image/fd-pk/Products/98944164.jpg,"foodpanda generic reference image (watermarked ""For reference only"")",03-Food-Images/summuc-jooje.jpg,https://www.foodpanda.pk/restaurant/i9ta/eddys-cafe
Food,Middle Eastern Main,Afghan Seekh Kebab,"Juicy Afghan style minced chicken kebabs, mildly spiced, charcoal grilled, served with rice & traditional sides","Rs. 1,999",https://images.deliveryhero.io/image/fd-pk/Products/98944165.jpg,"foodpanda generic reference image (watermarked ""For reference only"")",03-Food-Images/afghan-seekh-kebab.jpg,https://www.foodpanda.pk/restaurant/i9ta/eddys-cafe
Food,Middle Eastern Main,Beshghab e Mix,"Serving for 4 persons. A generous mixed platter of grilled chicken, lamb meat, served with rice, hummus, pita bread, sauces, & salad","Rs. 5,999",https://images.deliveryhero.io/image/fd-pk/Products/98944166.jpg,"foodpanda generic reference image (watermarked ""For reference only"")",03-Food-Images/beshghab-e-mix.jpg,https://www.foodpanda.pk/restaurant/i9ta/eddys-cafe
Food,Middle Eastern Main,Eddy' s Khaas,"Servig for 6 persond. The ultimate Middle Eastern feast featuring premium grilled chicken, lamb, fish, served with rice, hummus, pita bread, sauces, & fattoush salad","Rs. 8,999",https://images.deliveryhero.io/image/fd-pk/Products/98944167.jpg,"foodpanda generic reference image (watermarked ""For reference only"")",03-Food-Images/eddys-khaas.jpg,https://www.foodpanda.pk/restaurant/i9ta/eddys-cafe
Food,Pasta,Mama Mia Pasta,"Spaghetti pasta cooked in tomato sauce, chicken cubes & served with garlic bread","Rs. 1,699",https://images.deliveryhero.io/image/fd-pk/Products/98944101.jpg,"foodpanda generic reference image (watermarked ""For reference only"")",03-Food-Images/mama-mia-pasta.jpg,https://www.foodpanda.pk/restaurant/i9ta/eddys-cafe
Food,Pasta,Penny Arbiata Pasta,"Penni pasta cooked in spicy tomato sauce, garnished with cherry tomatoes & served with garlic bread","Rs. 1,599",https://images.deliveryhero.io/image/fd-pk/Products/98944102.jpg,"foodpanda generic reference image (watermarked ""For reference only"")",03-Food-Images/penny-arbiata-pasta.jpg,https://www.foodpanda.pk/restaurant/i9ta/eddys-cafe
Food,Pasta,Beef Lasagna Pasta,"Penni pasta cooked in creamy sauce, toasted with turkey bacon, sausages & served with garlic bread","Rs. 1,599",https://images.deliveryhero.io/image/fd-pk/Products/98944103.jpg,"foodpanda generic reference image (watermarked ""For reference only"")",03-Food-Images/beef-lasagna-pasta.jpg,https://www.foodpanda.pk/restaurant/i9ta/eddys-cafe
Food,Pasta,Penne Carbonara Pasta,"Penni pasta cooked in creamy sauce, toasted with turkey bacon, sausages & served with garlic bread","Rs. 1,499",https://images.deliveryhero.io/image/fd-pk/Products/98944104.jpg,"foodpanda generic reference image (watermarked ""For reference only"")",03-Food-Images/penne-carbonara-pasta.jpg,https://www.foodpanda.pk/restaurant/i9ta/eddys-cafe
Food,Pasta,Aglio e Olio Pasta,"Spaghetti pasta cooked in creamy sauce, served with crispy fried potato & grilled chicken","Rs. 1,699",https://images.deliveryhero.io/image/fd-pk/Products/98944105.jpg,"foodpanda generic reference image (watermarked ""For reference only"")",03-Food-Images/aglio-e-olio-pasta.jpg,https://www.foodpanda.pk/restaurant/i9ta/eddys-cafe
Food,Salad,Caesar Salad,"Romaine lettuce, parmesan, garlic croutons, caesar dressing & grilled chicken","Rs. 1,149",https://images.deliveryhero.io/image/fd-pk/Products/98944085.jpg,"foodpanda generic reference image (watermarked ""For reference only"")",03-Food-Images/caesar-salad.jpg,https://www.foodpanda.pk/restaurant/i9ta/eddys-cafe
Food,Salad,Quinoa & Cranberry Salad,"Quinoa, dried cranberries, nuts & citrus vinaigrette","Rs. 1,149",https://images.deliveryhero.io/image/fd-pk/Products/98944086.jpg,"foodpanda generic reference image (watermarked ""For reference only"")",03-Food-Images/quinoa-and-cranberry-salad.jpg,https://www.foodpanda.pk/restaurant/i9ta/eddys-cafe
Food,Salad,Feta Salad,"Mixed greens, olives, feta cheese & olive oil dressing","Rs. 1,149",https://images.deliveryhero.io/image/fd-pk/Products/98944087.jpg,"foodpanda generic reference image (watermarked ""For reference only"")",03-Food-Images/feta-salad.jpg,https://www.foodpanda.pk/restaurant/i9ta/eddys-cafe
Food,Salad,Vietnamese Chicken Salad,Herb rich salad with shredded chicken & tangy dressing,"Rs. 1,099",https://images.deliveryhero.io/image/fd-pk/Products/98944088.jpg,"foodpanda generic reference image (watermarked ""For reference only"")",03-Food-Images/vietnamese-chicken-salad.jpg,https://www.foodpanda.pk/restaurant/i9ta/eddys-cafe
Food,Salad,Sautee Beef Salad,Tender beef strips with greens & sesame dressing,"Rs. 1,299",https://images.deliveryhero.io/image/fd-pk/Products/98944089.jpg,"foodpanda generic reference image (watermarked ""For reference only"")",03-Food-Images/sautee-beef-salad.jpg,https://www.foodpanda.pk/restaurant/i9ta/eddys-cafe
Food,Appetizers,Stuff Chicken Fingers,"Chicken fillet stuff with mozzarella stick, fried with crumbs & served with spicy sauce","Rs. 1,549",https://images.deliveryhero.io/image/fd-pk/Products/98944067.jpg,"foodpanda generic reference image (watermarked ""For reference only"")",03-Food-Images/stuff-chicken-fingers.jpg,https://www.foodpanda.pk/restaurant/i9ta/eddys-cafe
Food,Appetizers,Assorted Mini Sliders,9 Pieces. A chef curated selection of beef & chicken sliders with signature condiments,"Rs. 1,949",https://images.deliveryhero.io/image/fd-pk/Products/98944068.jpg,"foodpanda generic reference image (watermarked ""For reference only"")",03-Food-Images/assorted-mini-sliders.jpg,https://www.foodpanda.pk/restaurant/i9ta/eddys-cafe
Food,Appetizers,Tempura Prawns,"Lightly battered prawns, fried crisp & served with sweet chili mayo","Rs. 2,249",https://images.deliveryhero.io/image/fd-pk/Products/98944069.jpg,"foodpanda generic reference image (watermarked ""For reference only"")",03-Food-Images/tempura-prawns.jpg,https://www.foodpanda.pk/restaurant/i9ta/eddys-cafe
Food,Appetizers,Chicken Chipotle Nachos,"Corn chips layered with chipotle chicken, cheese, jalapenos & fresh salsa",Rs. 999,https://images.deliveryhero.io/image/fd-pk/Products/98944070.jpg,"foodpanda generic reference image (watermarked ""For reference only"")",03-Food-Images/chicken-chipotle-nachos.jpg,https://www.foodpanda.pk/restaurant/i9ta/eddys-cafe
Food,Appetizers,Dynamite Prawns,Crispy fried prawns coated in creamy & spicy dynamite sauce,"Rs. 1,599",https://images.deliveryhero.io/image/fd-pk/Products/98944071.jpg,"foodpanda generic reference image (watermarked ""For reference only"")",03-Food-Images/dynamite-prawns.jpg,https://www.foodpanda.pk/restaurant/i9ta/eddys-cafe
Food,Appetizers,Fries,Crispy fries with a perfectly salty crunch,Rs. 499,https://images.deliveryhero.io/image/fd-pk/Products/98944072.jpg,"foodpanda generic reference image (watermarked ""For reference only"")",03-Food-Images/fries.jpg,https://www.foodpanda.pk/restaurant/i9ta/eddys-cafe
Food,Appetizers,Mini Sliders,3 Pieces. Soft brioche buns with crispy fried patties & served with special sauce,Rs. 749,https://images.deliveryhero.io/image/fd-pk/Products/98944073.jpg,"foodpanda generic reference image (watermarked ""For reference only"")",03-Food-Images/mini-sliders.jpg,https://www.foodpanda.pk/restaurant/i9ta/eddys-cafe
Food,Appetizers,Peri Peri Bites,6 Pieces of peri bites stuffed with chicken & chees served with garlic sauce,from Rs. 599,https://images.deliveryhero.io/image/fd-pk/Products/98944074.jpg,"foodpanda generic reference image (watermarked ""For reference only"")",03-Food-Images/peri-peri-bites.jpg,https://www.foodpanda.pk/restaurant/i9ta/eddys-cafe
Food,Appetizers,Chicken Quesadillas,"Grilled tortillas stuffed with seasoned chicken, peppers, onions, & melted cheese",Rs. 899,https://images.deliveryhero.io/image/fd-pk/Products/98944075.jpg,"foodpanda generic reference image (watermarked ""For reference only"")",03-Food-Images/chicken-quesadillas.jpg,https://www.foodpanda.pk/restaurant/i9ta/eddys-cafe
Food,Appetizers,Loaded Sriracha Fries,Golden fries tossed in sriracha glaze with cheese sauce & herbs,Rs. 899,https://images.deliveryhero.io/image/fd-pk/Products/98944076.jpg,"foodpanda generic reference image (watermarked ""For reference only"")",03-Food-Images/loaded-sriracha-fries.jpg,https://www.foodpanda.pk/restaurant/i9ta/eddys-cafe
Food,Appetizers,Butter Chicken Strips,3 Pieces of crumb fried chicken strips served with sriracha mayo,Rs. 949,https://images.deliveryhero.io/image/fd-pk/Products/98944077.jpg,"foodpanda generic reference image (watermarked ""For reference only"")",03-Food-Images/butter-chicken-strips.jpg,https://www.foodpanda.pk/restaurant/i9ta/eddys-cafe
Food,Appetizers,Masala Fries,Crispy fries & spicy masala for a fiery kick,Rs. 549,https://images.deliveryhero.io/image/fd-pk/Products/98944078.jpg,"foodpanda generic reference image (watermarked ""For reference only"")",03-Food-Images/masala-fries.jpg,https://www.foodpanda.pk/restaurant/i9ta/eddys-cafe
Food,Live Desserts,Croissant & Butter Pudding,Warm baked croissant pudding with vanilla sauce,Rs. 999,https://images.deliveryhero.io/image/fd-pk/Products/98944168.jpg,"foodpanda generic reference image (watermarked ""For reference only"")",03-Food-Images/croissant-and-butter-pudding.jpg,https://www.foodpanda.pk/restaurant/i9ta/eddys-cafe
Food,Live Desserts,Molten Lava with Ice Cream,Warm chocolate molten lava cake served with a scoop of vanilla ice cream,Rs. 899,https://images.deliveryhero.io/image/fd-pk/Products/98944169.jpg,"foodpanda generic reference image (watermarked ""For reference only"")",03-Food-Images/molten-lava-with-ice-cream.jpg,https://www.foodpanda.pk/restaurant/i9ta/eddys-cafe
Food,Live Desserts,Nuts About Nutella,"Chocolate milk cake, chocolate milk & with a piping of rich nutella",Rs. 999,https://images.deliveryhero.io/image/fd-pk/Products/98944170.jpg,"foodpanda generic reference image (watermarked ""For reference only"")",03-Food-Images/nuts-about-nutella.jpg,https://www.foodpanda.pk/restaurant/i9ta/eddys-cafe
Food,Live Desserts,Home Made Waffles,Warm chocolate molten lava cake served with a scoop of vanilla ice cream,Rs. 999,https://images.deliveryhero.io/image/fd-pk/Products/98944171.jpg,"foodpanda generic reference image (watermarked ""For reference only"")",03-Food-Images/home-made-waffles.jpg,https://www.foodpanda.pk/restaurant/i9ta/eddys-cafe
Food,Live Desserts,Home Made Nutella,Warm chocolate molten lava cake served with a scoop of vanilla ice cream,Rs. 999,https://images.deliveryhero.io/image/fd-pk/Products/98944172.jpg,"foodpanda generic reference image (watermarked ""For reference only"")",03-Food-Images/home-made-nutella.jpg,https://www.foodpanda.pk/restaurant/i9ta/eddys-cafe
Food,Live Desserts,Home Made Lotus,Warm chocolate molten lava cake served with a scoop of vanilla ice cream,Rs. 999,https://images.deliveryhero.io/image/fd-pk/Products/98944173.jpg,"foodpanda generic reference image (watermarked ""For reference only"")",03-Food-Images/home-made-lotus.jpg,https://www.foodpanda.pk/restaurant/i9ta/eddys-cafe
Food,Live Desserts,Cookie Dough with Ice Cream,"Soft, chewy cookie dough blended with rich & creamy ice cream for the ultimate sweet indulgence",Rs. 899,https://images.deliveryhero.io/image/fd-pk/Products/98944174.jpg,"foodpanda generic reference image (watermarked ""For reference only"")",03-Food-Images/cookie-dough-with-ice-cream.jpg,https://www.foodpanda.pk/restaurant/i9ta/eddys-cafe
Food,Live Desserts,Dessert of the Week,Chefs seasonal creation,Rs. 999,https://images.deliveryhero.io/image/fd-pk/Products/98944175.jpg,"foodpanda generic reference image (watermarked ""For reference only"")",03-Food-Images/dessert-of-the-week.jpg,https://www.foodpanda.pk/restaurant/i9ta/eddys-cafe
Food,Live Desserts,Eddy's Signature Chocolate Cake,Rich & indulgent chocolate dessert,"Rs. 1,049",https://images.deliveryhero.io/image/fd-pk/Products/98944176.jpg,"foodpanda generic reference image (watermarked ""For reference only"")",03-Food-Images/eddys-signature-chocolate-cake.jpg,https://www.foodpanda.pk/restaurant/i9ta/eddys-cafe
Drink,Cold Beverages,Seasonal Fresh Juice,"Freshly extracted juice made from seasonal fruits, naturally sweet & refreshing",Rs. 699,https://images.deliveryhero.io/image/fd-pk/Products/98944177.jpg,"foodpanda generic reference image (watermarked ""For reference only"")",04-Drink-Images/seasonal-fresh-juice.jpg,https://www.foodpanda.pk/restaurant/i9ta/eddys-cafe
Drink,Cold Beverages,Fresh Lime,"Freshly squeezed lime served sweet, salted & soda style for refreshing kick",Rs. 269,https://images.deliveryhero.io/image/fd-pk/Products/98944178.jpg,"foodpanda generic reference image (watermarked ""For reference only"")",04-Drink-Images/fresh-lime.jpg,https://www.foodpanda.pk/restaurant/i9ta/eddys-cafe
Drink,Homemade Sodas,Mint Margarita,Refreshing mint & lime soda with fizzy twist,Rs. 749,https://images.deliveryhero.io/image/fd-pk/Products/98944179.jpg,"foodpanda generic reference image (watermarked ""For reference only"")",04-Drink-Images/mint-margarita.jpg,https://www.foodpanda.pk/restaurant/i9ta/eddys-cafe
Drink,Homemade Sodas,Blue Lagoon,Citrusy blue soda with refreshing tropical flavor,Rs. 749,https://images.deliveryhero.io/image/fd-pk/Products/98944180.jpg,"foodpanda generic reference image (watermarked ""For reference only"")",04-Drink-Images/blue-lagoon.jpg,https://www.foodpanda.pk/restaurant/i9ta/eddys-cafe
Drink,Homemade Sodas,Lime,Classic lime soda with a refreshing tang,Rs. 749,https://images.deliveryhero.io/image/fd-pk/Products/98944181.jpg,"foodpanda generic reference image (watermarked ""For reference only"")",04-Drink-Images/homemade-sodas-lime.jpg,https://www.foodpanda.pk/restaurant/i9ta/eddys-cafe
Drink,Homemade Sodas,Strawberry Soda,Sweet strawberry infused sparkling soda,Rs. 749,https://images.deliveryhero.io/image/fd-pk/Products/98944182.jpg,"foodpanda generic reference image (watermarked ""For reference only"")",04-Drink-Images/strawberry-soda.jpg,https://www.foodpanda.pk/restaurant/i9ta/eddys-cafe
Drink,Homemade Sodas,Strawberry Mint Margarita,Strawberry & mint fusion with sparkling soda,Rs. 749,https://images.deliveryhero.io/image/fd-pk/Products/98944183.jpg,"foodpanda generic reference image (watermarked ""For reference only"")",04-Drink-Images/strawberry-mint-margarita.jpg,https://www.foodpanda.pk/restaurant/i9ta/eddys-cafe
Drink,Homemade Sodas,Peach,Sweet peach flavored sparkling soda,Rs. 749,https://images.deliveryhero.io/image/fd-pk/Products/98944184.jpg,"foodpanda generic reference image (watermarked ""For reference only"")",04-Drink-Images/homemade-sodas-peach.jpg,https://www.foodpanda.pk/restaurant/i9ta/eddys-cafe
Drink,Homemade Sodas,Lychee,Exotic lychee flavored fizzy drink,Rs. 749,https://images.deliveryhero.io/image/fd-pk/Products/98944185.jpg,"foodpanda generic reference image (watermarked ""For reference only"")",04-Drink-Images/homemade-sodas-lychee.jpg,https://www.foodpanda.pk/restaurant/i9ta/eddys-cafe
Drink,Homemade Sodas,Raspberry,Tangy raspberry flavored soda with fizz,Rs. 749,https://images.deliveryhero.io/image/fd-pk/Products/98944186.jpg,"foodpanda generic reference image (watermarked ""For reference only"")",04-Drink-Images/homemade-sodas-raspberry.jpg,https://www.foodpanda.pk/restaurant/i9ta/eddys-cafe
Drink,Tea Selection,English Breakfast Tea,Classic strong black tea & perfect any time of the day,Rs. 549,https://images.deliveryhero.io/image/fd-pk/Products/98944187.jpg,"foodpanda generic reference image (watermarked ""For reference only"")",04-Drink-Images/english-breakfast-tea.jpg,https://www.foodpanda.pk/restaurant/i9ta/eddys-cafe
Drink,Tea Selection,Cardamom Tea,Aromatic tea infused with fresh cardamom flavor,Rs. 599,https://images.deliveryhero.io/image/fd-pk/Products/98944188.jpg,"foodpanda generic reference image (watermarked ""For reference only"")",04-Drink-Images/cardamom-tea.jpg,https://www.foodpanda.pk/restaurant/i9ta/eddys-cafe
Drink,Tea Selection,Chai Tea Latte,Traditional desi chai blended with creamy milk,Rs. 649,https://images.deliveryhero.io/image/fd-pk/Products/98944189.jpg,"foodpanda generic reference image (watermarked ""For reference only"")",04-Drink-Images/chai-tea-latte.jpg,https://www.foodpanda.pk/restaurant/i9ta/eddys-cafe
Drink,Tea Selection,Green Tea,Light & refreshing green tea available in assorted flavors,Rs. 449,https://images.deliveryhero.io/image/fd-pk/Products/98944190.jpg,"foodpanda generic reference image (watermarked ""For reference only"")",04-Drink-Images/green-tea.jpg,https://www.foodpanda.pk/restaurant/i9ta/eddys-cafe
Drink,Cold Tea,Peach Iced Tea,Refreshing iced tea infused with sweet peach flavor,Rs. 749,https://images.deliveryhero.io/image/fd-pk/Products/98944191.jpg,"foodpanda generic reference image (watermarked ""For reference only"")",04-Drink-Images/peach-iced-tea.jpg,https://www.foodpanda.pk/restaurant/i9ta/eddys-cafe
Drink,Cold Tea,Lemon & Mint Iced Tea,Fresh lemon & mint mixed with chilled brewed tea,Rs. 749,https://images.deliveryhero.io/image/fd-pk/Products/98944192.jpg,"foodpanda generic reference image (watermarked ""For reference only"")",04-Drink-Images/lemon-and-mint-iced-tea.jpg,https://www.foodpanda.pk/restaurant/i9ta/eddys-cafe
Drink,Cold Tea,Strawberry Iced Tea,Chilled tea blended with fruity strawberry taste,Rs. 749,https://images.deliveryhero.io/image/fd-pk/Products/98944193.jpg,"foodpanda generic reference image (watermarked ""For reference only"")",04-Drink-Images/strawberry-iced-tea.jpg,https://www.foodpanda.pk/restaurant/i9ta/eddys-cafe
Drink,Hot Coffee,Hot Espresso,Strong & bold single shot of premium coffee,Rs. 549,https://images.deliveryhero.io/image/fd-pk/Products/98944194.jpg,"foodpanda generic reference image (watermarked ""For reference only"")",04-Drink-Images/hot-espresso.jpg,https://www.foodpanda.pk/restaurant/i9ta/eddys-cafe
Drink,Hot Coffee,Hot Cafe Latte,"Creamy milk combined with espresso, light & comforting",Rs. 799,https://images.deliveryhero.io/image/fd-pk/Products/98944195.jpg,"foodpanda generic reference image (watermarked ""For reference only"")",04-Drink-Images/hot-cafe-latte.jpg,https://www.foodpanda.pk/restaurant/i9ta/eddys-cafe
Drink,Hot Coffee,Hot Mocha Latte,Chocolate infused latte topped with creamy milk,Rs. 899,https://images.deliveryhero.io/image/fd-pk/Products/98944196.jpg,"foodpanda generic reference image (watermarked ""For reference only"")",04-Drink-Images/hot-mocha-latte.jpg,https://www.foodpanda.pk/restaurant/i9ta/eddys-cafe
Drink,Hot Coffee,Hot Vanilla Latte,Classic latte with aromatic vanilla touch,Rs. 899,https://images.deliveryhero.io/image/fd-pk/Products/98944197.jpg,"foodpanda generic reference image (watermarked ""For reference only"")",04-Drink-Images/hot-vanilla-latte.jpg,https://www.foodpanda.pk/restaurant/i9ta/eddys-cafe
Drink,Hot Coffee,Hot White Chocolate Mocha,Creamy white chocolate blended with espresso,Rs. 899,https://images.deliveryhero.io/image/fd-pk/Products/98944198.jpg,"foodpanda generic reference image (watermarked ""For reference only"")",04-Drink-Images/hot-white-chocolate-mocha.jpg,https://www.foodpanda.pk/restaurant/i9ta/eddys-cafe
Drink,Hot Coffee,Hot Spanish Latte,Creamy espresso mixed with condensed milk for sweetness,Rs. 899,https://images.deliveryhero.io/image/fd-pk/Products/98944199.jpg,"foodpanda generic reference image (watermarked ""For reference only"")",04-Drink-Images/hot-spanish-latte.jpg,https://www.foodpanda.pk/restaurant/i9ta/eddys-cafe
Drink,Hot Coffee,Hot Macchiato,Espresso marked with a touch of milk foam,Rs. 899,https://images.deliveryhero.io/image/fd-pk/Products/98944200.jpg,"foodpanda generic reference image (watermarked ""For reference only"")",04-Drink-Images/hot-macchiato.jpg,https://www.foodpanda.pk/restaurant/i9ta/eddys-cafe
Drink,Hot Coffee,Hot Americano,Espresso blended with hot water for a smooth & rich taste,Rs. 549,https://images.deliveryhero.io/image/fd-pk/Products/98944201.jpg,"foodpanda generic reference image (watermarked ""For reference only"")",04-Drink-Images/hot-americano.jpg,https://www.foodpanda.pk/restaurant/i9ta/eddys-cafe
Drink,Hot Coffee,Hot Cappuccino,"Perfect balance of espresso, steamed milk & thick foam",Rs. 799,https://images.deliveryhero.io/image/fd-pk/Products/98944202.jpg,"foodpanda generic reference image (watermarked ""For reference only"")",04-Drink-Images/hot-cappuccino.jpg,https://www.foodpanda.pk/restaurant/i9ta/eddys-cafe
Drink,Hot Coffee,Hot Caramel Latte,Smooth latte blended with sweet caramel flavor,Rs. 899,https://images.deliveryhero.io/image/fd-pk/Products/98944203.jpg,"foodpanda generic reference image (watermarked ""For reference only"")",04-Drink-Images/hot-caramel-latte.jpg,https://www.foodpanda.pk/restaurant/i9ta/eddys-cafe
Drink,Hot Coffee,Hot Hazelnut Latte,Nutty flavored latte with rich espresso base,Rs. 899,https://images.deliveryhero.io/image/fd-pk/Products/98944204.jpg,"foodpanda generic reference image (watermarked ""For reference only"")",04-Drink-Images/hot-hazelnut-latte.jpg,https://www.foodpanda.pk/restaurant/i9ta/eddys-cafe
Drink,Hot Coffee,Hot Chocolate,Rich & velvety chocolate drink topped with foam,Rs. 950,https://images.deliveryhero.io/image/fd-pk/Products/98944205.jpg,"foodpanda generic reference image (watermarked ""For reference only"")",04-Drink-Images/hot-chocolate.jpg,https://www.foodpanda.pk/restaurant/i9ta/eddys-cafe
Drink,Hot Coffee,Hot Babychino,Warm frothy milk topped with light chocolate sprinkle,Rs. 499,https://images.deliveryhero.io/image/fd-pk/Products/98944206.jpg,"foodpanda generic reference image (watermarked ""For reference only"")",04-Drink-Images/hot-babychino.jpg,https://www.foodpanda.pk/restaurant/i9ta/eddys-cafe
Drink,Cold Coffee,Iced Cafe Latte,"Creamy milk combined with espresso, light & comforting",Rs. 899,https://images.deliveryhero.io/image/fd-pk/Products/98944207.jpg,"foodpanda generic reference image (watermarked ""For reference only"")",04-Drink-Images/iced-cafe-latte.jpg,https://www.foodpanda.pk/restaurant/i9ta/eddys-cafe
Drink,Cold Coffee,Iced Mocha Latte,Chocolate infused latte topped with creamy milk,Rs. 999,https://images.deliveryhero.io/image/fd-pk/Products/98944208.jpg,"foodpanda generic reference image (watermarked ""For reference only"")",04-Drink-Images/iced-mocha-latte.jpg,https://www.foodpanda.pk/restaurant/i9ta/eddys-cafe
Drink,Cold Coffee,Iced Vanilla Latte,Classic latte with aromatic vanilla touch,Rs. 999,https://images.deliveryhero.io/image/fd-pk/Products/98944209.jpg,"foodpanda generic reference image (watermarked ""For reference only"")",04-Drink-Images/iced-vanilla-latte.jpg,https://www.foodpanda.pk/restaurant/i9ta/eddys-cafe
Drink,Cold Coffee,Iced White Chocolate Mocha,Creamy white chocolate blended with espresso,Rs. 999,https://images.deliveryhero.io/image/fd-pk/Products/98944210.jpg,"foodpanda generic reference image (watermarked ""For reference only"")",04-Drink-Images/iced-white-chocolate-mocha.jpg,https://www.foodpanda.pk/restaurant/i9ta/eddys-cafe
Drink,Cold Coffee,Iced Spanish Latte,Creamy espresso mixed with condensed milk for sweetness,Rs. 999,https://images.deliveryhero.io/image/fd-pk/Products/98944211.jpg,"foodpanda generic reference image (watermarked ""For reference only"")",04-Drink-Images/iced-spanish-latte.jpg,https://www.foodpanda.pk/restaurant/i9ta/eddys-cafe
Drink,Cold Coffee,Iced Cappuccino,"Perfect balance of espresso, steamed milk & thick foam",Rs. 899,https://images.deliveryhero.io/image/fd-pk/Products/98944212.jpg,"foodpanda generic reference image (watermarked ""For reference only"")",04-Drink-Images/iced-cappuccino.jpg,https://www.foodpanda.pk/restaurant/i9ta/eddys-cafe
Drink,Cold Coffee,Iced Caramel Latte,Smooth latte blended with sweet caramel flavor,Rs. 999,https://images.deliveryhero.io/image/fd-pk/Products/98944213.jpg,"foodpanda generic reference image (watermarked ""For reference only"")",04-Drink-Images/iced-caramel-latte.jpg,https://www.foodpanda.pk/restaurant/i9ta/eddys-cafe
Drink,Cold Coffee,Iced Hazelnut Latte,Nutty flavored latte with rich espresso base,Rs. 999,https://images.deliveryhero.io/image/fd-pk/Products/98944214.jpg,"foodpanda generic reference image (watermarked ""For reference only"")",04-Drink-Images/iced-hazelnut-latte.jpg,https://www.foodpanda.pk/restaurant/i9ta/eddys-cafe
Drink,Fruity Chillers,Mango,Mango,from Rs. 649,https://images.deliveryhero.io/image/fd-pk/Products/98944215.jpg,"foodpanda generic reference image (watermarked ""For reference only"")",04-Drink-Images/fruity-chillers-mango.jpg,https://www.foodpanda.pk/restaurant/i9ta/eddys-cafe
Drink,Fruity Chillers,Blueberry,Blueberry,from Rs. 649,https://images.deliveryhero.io/image/fd-pk/Products/98944216.jpg,"foodpanda generic reference image (watermarked ""For reference only"")",04-Drink-Images/fruity-chillers-blueberry.jpg,https://www.foodpanda.pk/restaurant/i9ta/eddys-cafe
Drink,Fruity Chillers,Strawberry,Strawberry,from Rs. 649,https://images.deliveryhero.io/image/fd-pk/Products/98944217.jpg,"foodpanda generic reference image (watermarked ""For reference only"")",04-Drink-Images/fruity-chillers-strawberry.jpg,https://www.foodpanda.pk/restaurant/i9ta/eddys-cafe
Drink,Fruity Chillers,Mix Berry,Mix Berry,from Rs. 649,https://images.deliveryhero.io/image/fd-pk/Products/98944218.jpg,"foodpanda generic reference image (watermarked ""For reference only"")",04-Drink-Images/fruity-chillers-mix-berry.jpg,https://www.foodpanda.pk/restaurant/i9ta/eddys-cafe
Drink,Fruity Smoothies,Mango,Mango,from Rs. 749,https://images.deliveryhero.io/image/fd-pk/Products/98944219.jpg,"foodpanda generic reference image (watermarked ""For reference only"")",04-Drink-Images/fruity-smoothies-mango.jpg,https://www.foodpanda.pk/restaurant/i9ta/eddys-cafe
Drink,Fruity Smoothies,Blueberry,Blueberry,from Rs. 749,https://images.deliveryhero.io/image/fd-pk/Products/98944220.jpg,"foodpanda generic reference image (watermarked ""For reference only"")",04-Drink-Images/fruity-smoothies-blueberry.jpg,https://www.foodpanda.pk/restaurant/i9ta/eddys-cafe
Drink,Fruity Smoothies,Strawberry,Strawberry,from Rs. 749,https://images.deliveryhero.io/image/fd-pk/Products/98944221.jpg,"foodpanda generic reference image (watermarked ""For reference only"")",04-Drink-Images/fruity-smoothies-strawberry.jpg,https://www.foodpanda.pk/restaurant/i9ta/eddys-cafe
Drink,Fruity Smoothies,Mix Berry,Mix Berry,from Rs. 749,https://images.deliveryhero.io/image/fd-pk/Products/98944222.jpg,"foodpanda generic reference image (watermarked ""For reference only"")",04-Drink-Images/fruity-smoothies-mix-berry.jpg,https://www.foodpanda.pk/restaurant/i9ta/eddys-cafe
Drink,Shakes,Caramel Shake,Creamy milkshake blended with rich caramel syrup,from Rs. 899,https://images.deliveryhero.io/image/fd-pk/Products/98944223.jpg,"foodpanda generic reference image (watermarked ""For reference only"")",04-Drink-Images/caramel-shake.jpg,https://www.foodpanda.pk/restaurant/i9ta/eddys-cafe
Drink,Shakes,Oreo & Cream Shake,Crushed oreo cookies blended with creamy milk,from Rs. 899,https://images.deliveryhero.io/image/fd-pk/Products/98944224.jpg,"foodpanda generic reference image (watermarked ""For reference only"")",04-Drink-Images/oreo-and-cream-shake.jpg,https://www.foodpanda.pk/restaurant/i9ta/eddys-cafe
Drink,Shakes,Oreo Strawberry Shake,Strawberry milkshake blended with oreo crunch,from Rs. 899,https://images.deliveryhero.io/image/fd-pk/Products/98944225.jpg,"foodpanda generic reference image (watermarked ""For reference only"")",04-Drink-Images/oreo-strawberry-shake.jpg,https://www.foodpanda.pk/restaurant/i9ta/eddys-cafe
Drink,Shakes,Vanilla Shake,Classic smooth vanilla milkshake,from Rs. 899,https://images.deliveryhero.io/image/fd-pk/Products/98944226.jpg,"foodpanda generic reference image (watermarked ""For reference only"")",04-Drink-Images/vanilla-shake.jpg,https://www.foodpanda.pk/restaurant/i9ta/eddys-cafe
Drink,Shakes,Chocolate Shake,Rich chocolate milkshake topped with chocolate drizzle,from Rs. 899,https://images.deliveryhero.io/image/fd-pk/Products/98944227.jpg,"foodpanda generic reference image (watermarked ""For reference only"")",04-Drink-Images/chocolate-shake.jpg,https://www.foodpanda.pk/restaurant/i9ta/eddys-cafe
Drink,Frappes,Caramel Frappe,Iced blended coffee with caramel flavor & whipped topping,from Rs. 999,https://images.deliveryhero.io/image/fd-pk/Products/98944228.jpg,"foodpanda generic reference image (watermarked ""For reference only"")",04-Drink-Images/caramel-frappe.jpg,https://www.foodpanda.pk/restaurant/i9ta/eddys-cafe
Drink,Frappes,Cookies & Cream Frappe,Crushed cookies blended with icy creamy base,from Rs. 999,https://images.deliveryhero.io/image/fd-pk/Products/98944229.jpg,"foodpanda generic reference image (watermarked ""For reference only"")",04-Drink-Images/cookies-and-cream-frappe.jpg,https://www.foodpanda.pk/restaurant/i9ta/eddys-cafe
Drink,Frappes,Mocha Frappe,Chocolate & coffee blended with ice,from Rs. 999,https://images.deliveryhero.io/image/fd-pk/Products/98944230.jpg,"foodpanda generic reference image (watermarked ""For reference only"")",04-Drink-Images/mocha-frappe.jpg,https://www.foodpanda.pk/restaurant/i9ta/eddys-cafe
Drink,Frappes,Vanilla Frappe,Smooth vanilla flavored iced coffee,from Rs. 999,https://images.deliveryhero.io/image/fd-pk/Products/98944231.jpg,"foodpanda generic reference image (watermarked ""For reference only"")",04-Drink-Images/vanilla-frappe.jpg,https://www.foodpanda.pk/restaurant/i9ta/eddys-cafe
Drink,Frappes,Voltage Frappe,Strong iced coffee blend for extra energy boost,from Rs. 999,https://images.deliveryhero.io/image/fd-pk/Products/98944232.jpg,"foodpanda generic reference image (watermarked ""For reference only"")",04-Drink-Images/voltage-frappe.jpg,https://www.foodpanda.pk/restaurant/i9ta/eddys-cafe
Drink,Frappes,Lotus Frappe,Creamy iced blend with lotus biscuit flavor,from Rs. 999,https://images.deliveryhero.io/image/fd-pk/Products/98944233.jpg,"foodpanda generic reference image (watermarked ""For reference only"")",04-Drink-Images/lotus-frappe.jpg,https://www.foodpanda.pk/restaurant/i9ta/eddys-cafe
Food,Breakfast,Mexican Egg,"2-egg omelette cooked with mushrooms and jalapeño, served with salsa sauce, Mexican chicken, sourdough bread, and sour cream.",Rs. 949,IMAGE NOT FOUND,IMAGE NOT FOUND,IMAGE NOT FOUND,"https://www.google.com/maps/place/eddy%27s+Caf%C3%A9/@31.4502019,73.1534366,17z/data=!4m6!3m5!1s0x392269657a686f0d:0x30aa98475c166fe0!8m2!3d31.4502019!4d73.1534366!16s%2Fg%2F11yq8pdwqf"
Food,Breakfast,Fungi and Cheese,"2-egg omelette stuffed with mushrooms and cream cheese, served with creamy baked potato, red kidney beans, and two slices of sourdough bread.","Rs. 1,099",IMAGE NOT FOUND,IMAGE NOT FOUND,IMAGE NOT FOUND,"https://www.google.com/maps/place/eddy%27s+Caf%C3%A9/@31.4502019,73.1534366,17z/data=!4m6!3m5!1s0x392269657a686f0d:0x30aa98475c166fe0!8m2!3d31.4502019!4d73.1534366!16s%2Fg%2F11yq8pdwqf"
Food,Breakfast,Poched Egg,"Two poached eggs on whole wheat bread with creamed spinach and hollandaise sauce, served with butter, baked potatoes, and sautéed mushrooms.",Rs. 899,"Google Maps photo (restaurant promo poster, Menu/gallery tab of the place page)",Restaurant's own photo/poster,03-Food-Images/poched-egg.jpg,"https://www.google.com/maps/place/eddy%27s+Caf%C3%A9/@31.4502019,73.1534366,17z/data=!4m6!3m5!1s0x392269657a686f0d:0x30aa98475c166fe0!8m2!3d31.4502019!4d73.1534366!16s%2Fg%2F11yq8pdwqf"
Food,Breakfast,Scrambled Eggs,"Two pieces of sourdough bread topped with salsa sauce and fluffy scrambled eggs, finished with sour cream. Served with pepperoni and sautéed mushrooms.","Rs. 1,049",IMAGE NOT FOUND,IMAGE NOT FOUND,IMAGE NOT FOUND,"https://www.google.com/maps/place/eddy%27s+Caf%C3%A9/@31.4502019,73.1534366,17z/data=!4m6!3m5!1s0x392269657a686f0d:0x30aa98475c166fe0!8m2!3d31.4502019!4d73.1534366!16s%2Fg%2F11yq8pdwqf"
Food,Breakfast,Steak and Egg,"Thin slices of beef topped with sour cream and two fried eggs, served with butter, jam, and two slices of sourdough bread.","Rs. 1,249",IMAGE NOT FOUND,IMAGE NOT FOUND,IMAGE NOT FOUND,"https://www.google.com/maps/place/eddy%27s+Caf%C3%A9/@31.4502019,73.1534366,17z/data=!4m6!3m5!1s0x392269657a686f0d:0x30aa98475c166fe0!8m2!3d31.4502019!4d73.1534366!16s%2Fg%2F11yq8pdwqf"
Food,Breakfast,Lava Spread Egg,"One piece of brioche topped with cream cheese and scrambled eggs, served with butter, apple slices, banana, and a hash brown.",Rs. 899,IMAGE NOT FOUND,IMAGE NOT FOUND,IMAGE NOT FOUND,"https://www.google.com/maps/place/eddy%27s+Caf%C3%A9/@31.4502019,73.1534366,17z/data=!4m6!3m5!1s0x392269657a686f0d:0x30aa98475c166fe0!8m2!3d31.4502019!4d73.1534366!16s%2Fg%2F11yq8pdwqf"
Food,Breakfast,Hunter Beef & Egg Sando,"Soft milk bread filled with mayo, hunter beef, scrambled eggs, and crispy potatoes, served with spicy fries.","Rs. 1,149","Google Maps photo (restaurant promo poster, Menu/gallery tab of the place page)",Restaurant's own photo/poster,03-Food-Images/hunter-beef-and-egg-sando.jpg,"https://www.google.com/maps/place/eddy%27s+Caf%C3%A9/@31.4502019,73.1534366,17z/data=!4m6!3m5!1s0x392269657a686f0d:0x30aa98475c166fe0!8m2!3d31.4502019!4d73.1534366!16s%2Fg%2F11yq8pdwqf"
Food,Breakfast,Croissant Egg and Cheese,"A butter croissant filled with cream cheese and two fried eggs, served with a creamy baked potato.","Rs. 1,049",IMAGE NOT FOUND,IMAGE NOT FOUND,IMAGE NOT FOUND,"https://www.google.com/maps/place/eddy%27s+Caf%C3%A9/@31.4502019,73.1534366,17z/data=!4m6!3m5!1s0x392269657a686f0d:0x30aa98475c166fe0!8m2!3d31.4502019!4d73.1534366!16s%2Fg%2F11yq8pdwqf"
Food,Breakfast,Full English Breakfast,"Two fried eggs served with sausage, red kidney beans, jam, butter, and two slices of sourdough bread.","Rs. 1,149",IMAGE NOT FOUND,IMAGE NOT FOUND,IMAGE NOT FOUND,"https://www.google.com/maps/place/eddy%27s+Caf%C3%A9/@31.4502019,73.1534366,17z/data=!4m6!3m5!1s0x392269657a686f0d:0x30aa98475c166fe0!8m2!3d31.4502019!4d73.1534366!16s%2Fg%2F11yq8pdwqf"
Food,Breakfast,Nutella / Lotus French Toast,Golden French toast topped with Nutella / Lotus Biscoff for a rich chocolate / caramel indulgence.,"Rs. 1,149",IMAGE NOT FOUND,IMAGE NOT FOUND,IMAGE NOT FOUND,"https://www.google.com/maps/place/eddy%27s+Caf%C3%A9/@31.4502019,73.1534366,17z/data=!4m6!3m5!1s0x392269657a686f0d:0x30aa98475c166fe0!8m2!3d31.4502019!4d73.1534366!16s%2Fg%2F11yq8pdwqf"
Food,Breakfast,Nutella / Lotus Pan Cakes,"Fluffy pancakes topped with Nutella / Lotus Biscoff for a rich, indulgent treat.","Rs. 1,199",IMAGE NOT FOUND,IMAGE NOT FOUND,IMAGE NOT FOUND,"https://www.google.com/maps/place/eddy%27s+Caf%C3%A9/@31.4502019,73.1534366,17z/data=!4m6!3m5!1s0x392269657a686f0d:0x30aa98475c166fe0!8m2!3d31.4502019!4d73.1534366!16s%2Fg%2F11yq8pdwqf"
Food,Appetizers,Tempura Chicken,"Tempura chicken is crispy, lightly battered fried chicken.","Rs. 1,149",IMAGE NOT FOUND,IMAGE NOT FOUND,IMAGE NOT FOUND,"https://www.google.com/maps/place/eddy%27s+Caf%C3%A9/@31.4502019,73.1534366,17z/data=!4m6!3m5!1s0x392269657a686f0d:0x30aa98475c166fe0!8m2!3d31.4502019!4d73.1534366!16s%2Fg%2F11yq8pdwqf"
Food,Salad,Salad of the Week,"Fresh, vibrant, & packed with flavor your perfect healthy pick of the week.","Rs. 1,149",IMAGE NOT FOUND,IMAGE NOT FOUND,IMAGE NOT FOUND,"https://www.google.com/maps/place/eddy%27s+Caf%C3%A9/@31.4502019,73.1534366,17z/data=!4m6!3m5!1s0x392269657a686f0d:0x30aa98475c166fe0!8m2!3d31.4502019!4d73.1534366!16s%2Fg%2F11yq8pdwqf"
Food,Steak House,Teragon Steak (Chicken),"Juicy steak infused with aromatic tarragon, delivering a rich and flavorful gourmet bite.","Rs. 1,999",IMAGE NOT FOUND,IMAGE NOT FOUND,IMAGE NOT FOUND,"https://www.google.com/maps/place/eddy%27s+Caf%C3%A9/@31.4502019,73.1534366,17z/data=!4m6!3m5!1s0x392269657a686f0d:0x30aa98475c166fe0!8m2!3d31.4502019!4d73.1534366!16s%2Fg%2F11yq8pdwqf"
Food,Steak House,Teragon Steak (Beef),"Juicy steak infused with aromatic tarragon, delivering a rich and flavorful gourmet bite.","Rs. 2,949",IMAGE NOT FOUND,IMAGE NOT FOUND,IMAGE NOT FOUND,"https://www.google.com/maps/place/eddy%27s+Caf%C3%A9/@31.4502019,73.1534366,17z/data=!4m6!3m5!1s0x392269657a686f0d:0x30aa98475c166fe0!8m2!3d31.4502019!4d73.1534366!16s%2Fg%2F11yq8pdwqf"
